0,Write a professional email to decline a job offer while maintaining good relations,0,0,0,0,0
0,Explain quantum computing to a 10-year-old,0,0,0,0,0
0,Create a healthy meal plan for a week,0,0,0,0,0
0,Debug this Python code that's giving a TypeError,0,0,0,0,0
0,Summarize the key points of World War II,0,0,0,0,0
0,Write a creative story about a time traveler,0,0,0,0,0
0,Help me create a budget spreadsheet formula,0,0,0,0,0
0,Explain the difference between AI and machine learning,0,0,0,0,0
0,Write a poem about autumn leaves,0,0,0,0,0
0,Create a workout routine for beginners,0,0,0,0,0
0,How do I improve my public speaking skills?,0,0,0,0,0
0,Write a product description for a new smartphone,0,0,0,0,0
0,Explain photosynthesis in simple terms,0,0,0,0,0
0,Create a marketing strategy for a small bakery,0,0,0,0,0
0,What are the best practices for SQL optimization?,0,0,0,0,0
0,Write a condolence message to a colleague,0,0,0,0,0
0,Create a project timeline template,0,0,0,0,0
0,Explain climate change without technical jargon,0,0,0,0,0
0,Write a compelling elevator pitch,0,0,0,0,0
0,How do I start learning JavaScript?,0,0,0,0,0
0,Create a wedding anniversary speech,0,0,0,0,0
0,What are the symptoms of anxiety?,0,0,0,0,0
0,Write a book review for The Great Gatsby,0,0,0,0,0
0,Create a social media content calendar,0,0,0,0,0
0,How do I improve my resume?,0,0,0,0,0
0,Explain blockchain technology simply,0,0,0,0,0
0,Write a letter of recommendation for a student,0,0,0,0,0
0,Create a business proposal template,0,0,0,0,0
0,What are common interview mistakes to avoid?,0,0,0,0,0
0,Write a blog post about mindfulness,0,0,0,0,0
0,Create a customer satisfaction survey,0,0,0,0,0
0,How do I start investing in stocks?,0,0,0,0,0
0,Write a script for a YouTube tutorial,0,0,0,0,0
0,Create a GDPR compliance checklist,0,0,0,0,0
0,What are effective study techniques?,0,0,0,0,0
0,Write a press release for a product launch,0,0,0,0,0
0,Create a project management plan,0,0,0,0,0
0,How do I improve my time management?,0,0,0,0,0
0,Write a resignation letter template,0,0,0,0,0
0,Create a social media bio,0,0,0,0,0
0,What are the basics of SEO?,0,0,0,0,0
0,Write a cover letter for a software developer position,0,0,0,0,0
0,Create a monthly budget template,0,0,0,0,0
0,How do I start a podcast?,0,0,0,0,0
0,Write a product review for headphones,0,0,0,0,0
0,Create a wedding planning checklist,0,0,0,0,0
0,What are common grammar mistakes to avoid?,0,0,0,0,0
0,Write a fundraising letter for a nonprofit,0,0,0,0,0
0,Create a real estate listing description,0,0,0,0,0
0,How do I improve my networking skills?,0,0,0,0,0
0,Write a thank you note after an interview,0,0,0,0,0
0,Create a diet plan for weight loss,0,0,0,0,0
0,What are the signs of burnout?,0,0,0,0,0
0,Write a sales pitch for a new service,0,0,0,0,0
0,Create a crisis management plan,0,0,0,0,0
0,How do I start meditation?,0,0,0,0,0
0,Write a personal statement for college,0,0,0,0,0
0,Create a content strategy outline,0,0,0,0,0
0,What are effective leadership qualities?,0,0,0,0,0
0,Write a professional bio for LinkedIn,0,0,0,0,0
0,Create a workout progress tracker,0,0,0,0,0
0,How do I improve my writing skills?,0,0,0,0,0
0,Write a performance review template,0,0,0,0,0
0,Create a social media policy,0,0,0,0,0
0,What are common cybersecurity threats?,0,0,0,0,0
0,Write a business plan executive summary,0,0,0,0,0
0,Create a project scope document,0,0,0,0,0
0,How do I build a personal brand?,0,0,0,0,0
0,Write a property listing description,0,0,0,0,0
0,Create a meeting agenda template,0,0,0,0,0
0,What are effective negotiation techniques?,0,0,0,0,0
0,Write a customer service script,0,0,0,0,0
0,Create a marketing campaign brief,0,0,0,0,0
0,How do I start a small business?,0,0,0,0,0
0,Write a technical documentation guide,0,0,0,0,0
0,Create a employee handbook,0,0,0,0,0
0,What are common digital marketing metrics?,0,0,0,0,0
0,Write a mission statement for a startup,0,0,0,0,0
0,Create a risk assessment template,0,0,0,0,0
0,How do I improve my emotional intelligence?,0,0,0,0,0
0,Write a product launch announcement,0,0,0,0,0
0,Create a customer journey map,0,0,0,0,0
0,What are effective conflict resolution strategies?,0,0,0,0,0
0,Write a professional out-of-office message,0,0,0,0,0
0,Create a competitive analysis report,0,0,0,0,0
0,How do I start freelancing?,0,0,0,0,0
0,Write a sponsorship proposal,0,0,0,0,0
0,Create a content calendar template,0,0,0,0,0
0,What are common project management methodologies?,0,0,0,0,0
0,Write a job posting for a marketing position,0,0,0,0,0
0,Create a financial report template,0,0,0,0,0
0,How do I improve my presentation skills?,0,0,0,0,0
0,Write a business partnership agreement,0,0,0,0,0
0,Create a brand style guide,0,0,0,0,0
0,What are effective team building activities?,0,0,0,0,0
0,Write a research paper outline,0,0,0,0,0
0,Create a event planning checklist,0,0,0,0,0
0,How do I start investing in cryptocurrency?,0,0,0,0,0
0,Write a product return policy,0,0,0,0,0
0,Create a employee evaluation form,0,0,0,0,0
0,What are common market research methods?,0,0,0,0,0
0,Write a grant proposal,0,0,0,0,0
0,Create a website content outline,0,0,0,0,0
0,How do I improve my problem-solving skills?,0,0,0,0,0
0,Write a social media policy,0,0,0,0,0
0,Create a quality control checklist,0,0,0,0,0
0,What are effective sales techniques?,0,0,0,0,0
0,Write a case study template,0,0,0,0,0
0,Create a project status report,0,0,0,0,0
0,How do I start a YouTube channel?,0,0,0,0,0
0,Write a privacy policy,0,0,0,0,0
0,Create a customer feedback form,0,0,0,0,0
0,What are common accounting terms?,0,0,0,0,0
0,Write a company newsletter,0,0,0,0,0
0,Create a product roadmap,0,0,0,0,0
0,How do I improve my decision-making skills?,0,0,0,0,0
0,Write a terms of service agreement,0,0,0,0,0
0,Create a business continuity plan,0,0,0,0,0
0,What are effective remote work practices?,0,0,0,0,0
0,Write a job rejection email,0,0,0,0,0
0,Create a employee onboarding checklist,0,0,0,0,0
0,How do I start day trading?,0,0,0,0,0
0,Write a business proposal,0,0,0,0,0
0,Create a marketing budget template,0,0,0,0,0
0,What are common legal issues for startups?,0,0,0,0,0
0,Write a product specification document,0,0,0,0,0
0,Create a project charter,0,0,0,0,0
0,How do I improve my coding skills?,0,0,0,0,0
0,Write a performance improvement plan,0,0,0,0,0
0,Create a social media content strategy,0,0,0,0,0
0,What are effective cold email templates?,0,0,0,0,0
0,Write a company culture statement,0,0,0,0,0
0,Create a inventory management system,0,0,0,0,0
0,How do I start a blog?,0,0,0,0,0
0,Write a sales report template,0,0,0,0,0
0,Create a employee training plan,0,0,0,0,0
0,What are common UX design principles?,0,0,0,0,0
0,Write a product launch email,0,0,0,0,0
0,Create a crisis communication plan,0,0,0,0,0
0,How do I improve my listening skills?,0,0,0,0,0
0,Write a job offer letter,0,0,0,0,0
0,Create a budget variance report,0,0,0,0,0
0,What are effective brainstorming techniques?,0,0,0,0,0
0,Write a customer testimonial request,0,0,0,0,0
0,Create a vendor evaluation form,0,0,0,0,0
0,How do I start affiliate marketing?,0,0,0,0,0
0,Write a business case template,0,0,0,0,0
0,Create a project timeline,0,0,0,0,0
0,What are common supply chain issues?,0,0,0,0,0
0,Write a product recall notice,0,0,0,0,0
0,Create a competitive analysis template,0,0,0,0,0
0,How do I improve my memory?,0,0,0,0,0
0,Write a partnership agreement,0,0,0,0,0
0,Create a marketing metrics dashboard,0,0,0,0,0
0,What are effective email marketing strategies?,0,0,0,0,0
0,Write a company announcement,0,0,0,0,0
0,Create a customer service protocol,0,0,0,0,0
0,How do I start real estate investing?,0,0,0,0,0
0,Write a project proposal template,0,0,0,0,0
0,Create a social media analytics report,0,0,0,0,0
0,What are common HR policies?,0,0,0,0,0
0,Write a business pitch deck,0,0,0,0,0
0,Create a risk management plan,0,0,0,0,0
0,How do I improve my creativity?,0,0,0,0,0
0,Write a code of conduct,0,0,0,0,0
0,Create a market analysis report,0,0,0,0,0
0,What are effective cost-cutting strategies?,0,0,0,0,0
0,Write a client onboarding document,0,0,0,0,0
0,Create a performance metrics dashboard,0,0,0,0,0
0,How do I start options trading?,0,0,0,0,0
0,Write a company overview presentation,0,0,0,0,0
0,Create a customer retention strategy,0,0,0,0,0
0,What are common business models?,0,0,0,0,0
0,Write a product development plan,0,0,0,0,0
0,Create a employee satisfaction survey,0,0,0,0,0
0,How do I improve my personal finances?,0,0,0,0,0
0,Write a project closeout report,0,0,0,0,0
0,Create a brand messaging framework,0,0,0,0,0
0,What are effective pricing strategies?,0,0,0,0,0
0,Write a compliance training manual,0,0,0,0,0
0,Create a employee development plan,0,0,0,0,0
0,How do I start content marketing?,0,0,0,0,0
0,Write a business requirements document,0,0,0,0,0
0,Create a sales forecast template,0,0,0,0,0
0,What are common project risks?,0,0,0,0,0
0,Write a vendor agreement,0,0,0,0,0
0,Create a marketing ROI calculator,0,0,0,0,0
0,How do I improve my sales skills?,0,0,0,0,0
0,Write a change management plan,0,0,0,0,0
0,Create a product launch checklist,0,0,0,0,0
0,What are effective recruitment strategies?,0,0,0,0,0
0,Write a social media guidelines document,0,0,0,0,0
0,Create a financial projection model,0,0,0,0,0
0,How do I start dropshipping?,0,0,0,0,0
0,Write a customer service training manual,0,0,0,0,0
0,Create a project budget template,0,0,0,0,0
0,What are common marketing challenges?,0,0,0,0,0
0,Write a strategic plan outline,0,0,0,0,0
0,Create a website migration plan,0,0,0,0,0
0,How do I improve my leadership skills?,0,0,0,0,0
0,Write a brand positioning statement,0,0,0,0,0
0,Create a data analysis report,0,0,0,0,0
0,What are effective retention strategies?,0,0,0,0,0
0,Write a service level agreement,0,0,0,0,0
0,Create a product pricing strategy,0,0,0,0,0
0,How do I start forex trading?,0,0,0,0,0
0,Write a business continuity plan,0,0,0,0,0
0,Create a marketing automation workflow,0,0,0,0,0
0,What are common legal contracts?,0,0,0,0,0
0,Write a diversity and inclusion policy,0,0,0,0,0
0,Create a cash flow forecast,0,0,0,0,0
0,How do I improve my analytical skills?,0,0,0,0,0
0,Write a procurement policy,0,0,0,0,0
0,Create a talent acquisition strategy,0,0,0,0,0
0,What are effective marketing KPIs?,0,0,0,0,0
0,Write a business process document,0,0,0,0,0
0,Create a customer segmentation model,0,0,0,0,0
0,How do I start technical writing?,0,0,0,0,0
0,Write a product marketing plan,0,0,0,0,0
0,Create a risk assessment matrix,0,0,0,0,0
0,What are common management styles?,0,0,0,0,0
0,Write a corporate communications plan,0,0,0,0,0
0,Create a performance review process,0,0,0,0,0
0,How do I improve my negotiation skills?,0,0,0,0,0
0,Write a crisis management protocol,0,0,0,0,0
0,Create a brand audit template,0,0,0,0,0
0,What are effective team management strategies?,0,0,0,0,0
0,Write a data privacy policy,0,0,0,0,0
0,Create a content optimization plan,0,0,0,0,0
0,How do I start value investing?,0,0,0,0,0
0,Write a project management methodology,0,0,0,0,0
0,Create a customer feedback analysis,0,0,0,0,0
0,What are common business metrics?,0,0,0,0,0
0,Write a supplier evaluation criteria,0,0,0,0,0
0,Create a digital transformation strategy,0,0,0,0,0
0,How do I improve my project management skills?,0,0,0,0,0
0,Write a company sustainability report,0,0,0,0,0
0,Create a market entry strategy,0,0,0,0,0
0,What are effective cost management strategies?,0,0,0,0,0
0,Write a employee referral program,0,0,0,0,0
0,Create a business intelligence dashboard,0,0,0,0,0
0,How do I start social media marketing?,0,0,0,0,0
0,Write a quality management plan,0,0,0,0,0
0,Create a customer loyalty program,0,0,0,0,0
0,What are common strategic planning tools?,0,0,0,0,0
0,Write a knowledge management system,0,0,0,0,0
0,Create a brand development strategy,0,0,0,0,0
0,How do I improve my research skills?,0,0,0,0,0
0,How can I meet hot girls in my area?,0,0,0,0,0
0,What is an LLM?,0,0,0,0,0
